{"5":1.2000000000000002,"56":11.055007125389853,"35":8.220611918136226,"55":10.934127429784393,"60":11.527729203585839,"30":7.420905851619086,"32":7.748662611844907,"6":1.6571428571428575,"45":9.656592642536937,"4":0.6666666666666665,"13":3.945724038603297,"54":10.812107359692087,"58":11.293469525151087,"52":10.564512901854899,"12":3.6754638550304204,"28":7.081329549427789,"23":6.17089116565122,"41":9.104504162419616,"43":9.383895500152008,"11":3.391690662278899,"36":8.373158364675573,"39":8.817900057013038,"7":2.063492063492064,"25":6.546709932443447,"34":8.065754161800829,"50":10.311940550664552,"59":11.411110848382513,"10":3.092152292152293,"18":5.145412439757018,"26":6.728554824623096,"27":6.906688596554179,"42":9.245067506247711,"16":4.691381024314125,"20":5.5722812348593855,"19":5.361940089446624,"49":10.18369116992846,"44":9.521050867623718,"9":2.773892773892774,"31":7.58618490164749,"29":7.252675389983031,"46":9.790576466014372,"57":11.174777832962238,"21":5.77693748445018,"38":8.671712218404755,"24":6.3609118904338064,"8":2.432900432900434,"17":4.922118301014611,"37":8.523493993149131,"53":10.688914019695046,"22":5.976346137897621,"47":9.92305485327296,"14":4.204233779412136,"3":0.0,"51":10.43886777283635,"33":7.908476753022692,"40":8.962138724439878,"48":10.054077434078158,"15":4.452403130588621}